{
    "1": {
        "plan_name": "Diamond",
        "plan_maxtime": "1200",
        "plan_maxconn": "4",
        "plan_length": "1"
    },
    "2": {
        "plan_name": "",
        "plan_maxtime": "",
        "plan_maxconn": "",
        "plan_length": ""
    },
    "3": {
        "plan_name": "",
        "plan_maxtime": "",
        "plan_maxconn": "",
        "plan_length": ""
    },
    "4": {
        "plan_name": "",
        "plan_maxtime": "",
        "plan_maxconn": "",
        "plan_length": ""
    }
}